Date,Instagram_Minutes,YouTube_Minutes,WhatsApp_Minutes,LinkedIn_Minutes,Reels_Watched,Videos_Watched,Messages_Sent,Posts_Liked,Study_Minutes,Total_Screen_Time,Screen_Hours,Digital_Balance,Day_Type
2026-08-22,177,78,59,19,139,27,128,54,93,333,5.55,0.28,Heavy
2026-08-23,130,119,145,25,96,42,219,61,172,419,6.98,0.41,Heavy
2026-08-24,28,17,120,14,33,6,381,14,177,179,2.98,0.99,Normal
2026-08-25,23,188,90,25,17,68,208,9,150,326,5.43,0.46,Heavy
2026-08-26,73,195,102,25,69,76,326,47,143,395,6.58,0.36,Heavy
2026-08-27,65,72,179,40,57,13,571,13,220,356,5.93,0.62,Heavy
2026-08-28,60,65,125,11,50,9,232,22,253,261,4.35,0.97,Normal
2026-08-29,67,203,119,28,52,60,365,10,47,417,6.95,0.11,Heavy
2026-08-30,150,245,169,14,183,77,519,67,118,578,9.63,0.2,Heavy
2026-08-31,91,152,174,34,88,55,467,18,358,451,7.52,0.79,Heavy
2026-09-01,48,145,134,26,52,50,409,31,340,353,5.88,0.96,Heavy
2026-09-02,91,96,179,61,84,17,342,35,88,427,7.12,0.21,Heavy
2026-09-03,102,119,145,71,74,28,281,17,304,437,7.28,0.7,Heavy
2026-09-04,114,18,10,23,83,3,15,29,133,165,2.75,0.81,Normal
2026-09-05,228,77,139,8,273,30,244,167,22,452,7.53,0.05,Heavy
2026-09-06,67,274,97,24,90,69,283,24,170,462,7.7,0.37,Heavy
2026-09-07,150,179,40,2,114,39,70,62,100,371,6.18,0.27,Heavy
2026-09-08,133,151,99,59,142,49,239,80,231,442,7.37,0.52,Heavy
2026-09-09,57,17,13,47,64,7,43,20,239,134,2.23,1.78,Normal
2026-09-10,122,122,176,66,73,45,499,34,237,486,8.1,0.49,Heavy
2026-09-11,45,42,12,50,41,11,20,23,257,149,2.48,1.72,Normal
2026-09-12,210,215,84,17,167,92,271,57,27,526,8.77,0.05,Heavy
2026-09-13,61,293,123,24,78,51,357,30,32,501,8.35,0.06,Heavy
2026-09-14,175,76,148,29,110,12,417,34,172,428,7.13,0.4,Heavy
2026-09-15,25,145,49,56,15,22,156,4,166,275,4.58,0.6,Normal
2026-09-16,26,70,58,4,23,24,200,10,249,158,2.63,1.58,Normal
2026-09-17,75,37,98,52,97,10,324,65,320,262,4.37,1.22,Normal
2026-09-18,82,205,158,42,80,44,461,41,323,487,8.12,0.66,Heavy
2026-09-19,162,236,40,18,168,80,110,46,174,456,7.6,0.38,Heavy
2026-09-20,79,187,154,28,58,32,384,12,128,448,7.47,0.29,Heavy